,model,n_classes,accuracy,precision,recall,f1-score,auc roc,features
0,knn,2,0.768361581920904,0.724676724137931,0.6622315592903828,0.6773662917352066,0.6622315592903827,"hop, loss, max, mean, min, outliers, pckt_count, tr_time, var"
1,random forest,2,0.8022598870056498,0.815359477124183,0.6802054154995332,0.7039426523297492,0.6802054154995332,"hop, loss, max, mean, min, outliers, pckt_count, tr_time, var"
2,svm,2,0.7853107344632768,0.8102931379080613,0.6449579831932772,0.6616700201207243,0.6449579831932772,"hop, loss, max, mean, min, outliers, pckt_count, tr_time, var"
3,neural network,2,0.8192090395480226,0.7962355212355212,0.738795518207283,0.7580314422419686,0.738795518207283,"hop, loss, max, mean, min, outliers, pckt_count, tr_time, var"
4,kmeans,2,0.626984126984127,0.591546043726811,0.6091582278481013,0.5887284338889653,0.6091582278481014,"hop, loss, max, mean, min, outliers, pckt_count, tr_time, var"
