,Model,Window Size,Accuracy
0,Kmeans,25,0.4411057692307692
1,Kmeans,50,0.5480769230769231
2,Kmeans,100,0.3798076923076923
