,Model,Window Size,Accuracy
0,Kmeans,25,0.6153846153846154
1,Kmeans,50,0.6153846153846154
2,Kmeans,100,0.38461538461538464
