{"columns":["aaaa::212:7402:2:202","aaaa::212:7403:3:303","aaaa::212:7404:4:404","aaaa::212:7405:5:505","aaaa::212:7406:6:606","aaaa::212:7407:7:707","aaaa::212:7408:8:808","aaaa::212:7409:9:909","aaaa::212:740a:a:a0a","aaaa::212:740b:b:b0b","aaaa::212:740c:c:c0c","aaaa::212:740d:d:d0d","aaaa::212:740e:e:e0e","aaaa::212:740f:f:f0f","aaaa::212:7410:10:1010","aaaa::212:7411:11:1111"],"index":[0,1,2,3,4,5,6,7,8,9,10,11,12],"data":[[0.49375,0.5,0.4964539007,0.4964539007,0.4962962963,0.4962406015,0.4948453608,0.5090909091,0.5043478261,0.4957264957,0.5035971223,0.5,0.5037037037,0.4875,0.5060240964,0.5038167939],[0.5072463768,0.4897959184,0.5,0.5038167939,0.4965517241,0.5074626866,0.5,0.5090909091,0.5034013605,0.5072463768,0.495412844,0.5,0.5063291139,0.5,0.5074626866,0.4957983193],[0.5081967213,0.4886363636,0.5033112583,0.4904458599,0.5,0.5072463768,0.4866666667,0.5081967213,0.4968944099,0.5060240964,0.5070422535,0.5,0.5039370079,0.4964539007,0.5052631579,0.5035971223],[0.5,0.5,0.487804878,0.4968152866,0.5028571429,0.5,0.4797297297,0.5035971223,0.5063291139,0.5,0.5,0.4967320261,0.5034965035,0.4971751412,0.4857142857,0.5087719298],[0.5,0.5090909091,0.5,0.488372093,0.4948453608,0.5090909091,0.5,0.4923076923,0.5063291139,0.495412844,0.5052631579,0.511627907,0.5135135135,0.5,0.5084745763,0.5172413793],[0.4888888889,0.4968152866,0.4966442953,0.5,0.4939759036,0.5064935065,0.5,0.5,0.5060240964,0.0,0.5,0.4934210526,0.5,0.0,0.4965517241,0.4964028777],[0.4838709677,0.5050505051,0.5057471264,0.4972972973,0.502617801,0.4871794872,0.5,0.5063291139,0.5,0.4905660377,0.5,0.0,0.4822335025,0.5028571429,0.5066666667,0.0],[0.4967320261,0.4962406015,0.5,0.495412844,0.5142857143,0.5076923077,0.5111111111,0.4952380952,0.5084745763,0.5454545455,0.5043478261,0.4931506849,0.5084745763,0.5217391304,0.5,0.4918032787],[0.4893617021,0.5026737968,0.5027932961,0.5,0.4817073171,0.4914285714,0.5,0.5,0.4943181818,0.4911242604,0.5,0.5,0.4971751412,0.5053763441,0.4970414201,0.5238095238],[0.5031446541,0.5076923077,0.5,0.5029239766,0.496350365,0.5060240964,0.497005988,0.5,0.5,0.5066666667,0.5,0.5,0.5,0.5,0.5142857143,0.5038167939],[0.5056179775,0.5,0.4944444444,0.4968553459,0.4968152866,0.4973544974,0.488372093,0.4921875,0.4939759036,0.4915254237,0.4965034965,0.5060240964,0.5027932961,0.5032258065,0.4939759036,0.4769230769],[0.4901960784,0.496969697,0.4934210526,0.5,0.5,0.4848484848,0.4941860465,0.5045045045,0.5066666667,0.5042016807,0.5,0.5,0.4915254237,0.5098039216,0.4893617021,0.5027932961],[0.5084745763,0.5076923077,0.5042016807,0.5084745763,0.5039370079,0.4822695035,0.5,0.5098039216,0.5,0.5,0.5,0.5,0.5040650407,0.5040650407,0.5098039216,0.495049505]]}