{"columns":["aaaa::212:7402:2:202","aaaa::212:7403:3:303","aaaa::212:7404:4:404","aaaa::212:7405:5:505","aaaa::212:7406:6:606","aaaa::212:7407:7:707","aaaa::212:7408:8:808","aaaa::212:7409:9:909","aaaa::212:740a:a:a0a","aaaa::212:740b:b:b0b","aaaa::212:740c:c:c0c","aaaa::212:740d:d:d0d","aaaa::212:740e:e:e0e","aaaa::212:740f:f:f0f","aaaa::212:7410:10:1010","aaaa::212:7411:11:1111"],"index":[0,1,2,3,4,5,6,7,8,9,10,11,12],"data":[[0.06875,0.0540540541,0.0496453901,0.0425531915,0.0296296296,0.0601503759,0.0309278351,0.0545454545,0.0434782609,0.0512820513,0.0503597122,0.0614035088,0.0592592593,0.0375,0.0602409639,0.0687022901],[0.0579710145,0.0544217687,0.0571428571,0.0458015267,0.0551724138,0.0746268657,0.0422535211,0.0545454545,0.0476190476,0.0434782609,0.0550458716,0.0588235294,0.0443037975,0.05,0.0447761194,0.0420168067],[0.0573770492,0.0511363636,0.0529801325,0.0573248408,0.0659340659,0.0507246377,0.04,0.0409836066,0.0745341615,0.0542168675,0.0422535211,0.05,0.0551181102,0.0354609929,0.0631578947,0.0503597122],[0.0304878049,0.0543478261,0.0487804878,0.0445859873,0.0685714286,0.0581395349,0.0743243243,0.0575539568,0.0443037975,0.0588235294,0.0633802817,0.045751634,0.048951049,0.0564971751,0.0571428571,0.0526315789],[0.053030303,0.0545454545,0.0394736842,0.0620155039,0.0412371134,0.0545454545,0.0375,0.0153846154,0.0632911392,0.0458715596,0.0421052632,0.0465116279,0.0405405405,0.0454545455,0.0677966102,0.0862068966],[0.0444444444,0.050955414,0.0536912752,0.0576923077,0.0361445783,0.0454545455,0.037037037,0.0460526316,0.0301204819,0.0,0.04375,0.0526315789,0.0326086957,0.0,0.0482758621,0.0215827338],[0.0376344086,0.0555555556,0.0632183908,0.0594594595,0.057591623,0.041025641,0.0773809524,0.0569620253,0.0625,0.0314465409,0.0444444444,0.0,0.0507614213,0.04,0.0466666667,0.0],[0.0653594771,0.0526315789,0.0564516129,0.0825688073,0.0571428571,0.0615384615,0.0444444444,0.0666666667,0.0508474576,0.0454545455,0.0608695652,0.0547945205,0.0677966102,0.0434782609,0.0384615385,0.0491803279],[0.0638297872,0.0481283422,0.0391061453,0.0487804878,0.0487804878,0.0342857143,0.0448717949,0.0512820513,0.0625,0.0532544379,0.0661764706,0.0625,0.0621468927,0.0591397849,0.0591715976,0.0238095238],[0.0628930818,0.0384615385,0.05,0.0409356725,0.0583941606,0.0602409639,0.0299401198,0.0642857143,0.0481927711,0.08,0.0342465753,0.046875,0.0595238095,0.0357142857,0.0571428571,0.0687022901],[0.0449438202,0.0428571429,0.0388888889,0.0440251572,0.0445859873,0.0476190476,0.0620155039,0.0546875,0.0180722892,0.0451977401,0.0559440559,0.0602409639,0.061452514,0.0387096774,0.0481927711,0.0461538462],[0.0392156863,0.0363636364,0.0592105263,0.0523255814,0.0604395604,0.0484848485,0.0523255814,0.0720720721,0.0333333333,0.0420168067,0.0540540541,0.0365853659,0.0564971751,0.0294117647,0.0567375887,0.061452514],[0.0338983051,0.0615384615,0.0672268908,0.0677966102,0.0551181102,0.0425531915,0.0416666667,0.068627451,0.03,0.0409836066,0.06,0.0454545455,0.0487804878,0.0569105691,0.0588235294,0.0693069307]]}