{"columns":["aaaa::212:7402:2:202","aaaa::212:7403:3:303","aaaa::212:7404:4:404","aaaa::212:7405:5:505","aaaa::212:7406:6:606","aaaa::212:7407:7:707","aaaa::212:7408:8:808","aaaa::212:7409:9:909","aaaa::212:740a:a:a0a","aaaa::212:740b:b:b0b","aaaa::212:740c:c:c0c","aaaa::212:740d:d:d0d","aaaa::212:740e:e:e0e","aaaa::212:740f:f:f0f","aaaa::212:7410:10:1010","aaaa::212:7411:11:1111"],"index":[0,1,2,3,4,5,6,7,8,9,10,11,12],"data":[[316.326875,128.7858108108,214.3617021277,371.9929078014,394.9925925926,366.9097744361,295.7010309278,549.3,433.8956521739,390.3846153846,480.8776978417,508.5526315789,578.9185185185,726.9375,668.265060241,662.4885496183],[445.8623188406,284.1448979592,288.0571428571,590.6870229008,657.1586206897,541.3208955224,449.3802816901,758.8090909091,821.8639455782,802.4275362319,828.4770642202,955.5294117647,1061.5063291139,861.6428571429,848.0746268657,1153.8823529412],[314.9426229508,177.8982954545,217.6847682119,421.3057324841,609.6263736264,326.2608695652,387.4266666667,844.4344262295,759.0,510.578313253,656.7183098592,843.4571428571,877.7952755906,703.5460992908,834.5368421053,767.1079136691],[344.5304878049,190.952173913,215.1642276423,441.2802547771,527.5314285714,289.0465116279,424.3175675676,662.8273381295,506.4936708861,551.9926470588,621.9718309859,674.9803921569,721.3286713287,590.6553672316,894.1238095238,943.0175438596],[506.9318181818,394.7854545455,385.1157894737,699.4728682171,902.793814433,673.6909090909,786.4875,1108.5230769231,1116.5063291139,955.0091743119,1102.7263157895,1121.8837209302,1055.1891891892,1425.2613636364,1302.186440678,1439.5862068966],[180.6983333333,146.7828025478,138.8395973154,301.8974358974,346.1325301205,299.8766233766,312.3703703704,429.9539473684,433.0301204819,1.0,507.18125,474.9407894737,612.7065217391,1.0,470.9931034483,666.8273381295],[145.9392473118,103.5616161616,135.5166666667,205.3675675676,304.4293193717,212.3948717949,245.6904761905,306.2784810127,266.8958333333,272.7044025157,303.0722222222,1.0,358.1269035533,358.8342857143,456.2666666667,1.0],[587.3823529412,448.4654135338,470.510483871,753.6513761468,751.1428571429,845.1923076923,959.1555555556,1135.0666666667,1209.2372881356,944.3636363636,1236.7826086957,1440.9452054795,1190.593220339,1673.4782608696,1309.9230769231,1535.8360655738],[165.5680851064,84.4582887701,84.5167597765,244.5115853659,219.4390243902,151.132,226.8615384615,318.5064102564,339.25,238.4852071006,357.1985294118,477.7916666667,378.9830508475,337.0,332.0828402367,472.9523809524],[316.3849056604,178.8123076923,205.1835714286,356.1479532164,440.4598540146,317.7048192771,387.0658682635,521.6571428571,562.8253012048,481.6933333333,568.2808219178,545.8125,688.994047619,630.4880952381,687.0142857143,695.2290076336],[165.8258426966,108.33,106.73,231.0628930818,315.101910828,221.3227513228,279.2635658915,393.953125,384.5361445783,361.615819209,304.7482517483,452.1325301205,443.7932960894,403.5419354839,419.3915662651,504.4307692308],[213.4653594771,101.3478787879,112.5453947368,282.5127906977,255.1923076923,265.4,258.6029069767,433.3873873874,393.94,386.025210084,334.4797297297,488.4329268293,465.4971751412,464.9117647059,499.3758865248,460.5083798883],[398.1076271186,168.7376923077,242.6134453782,390.6237288136,510.2440944882,359.9191489362,423.7083333333,540.8529411765,596.66,578.0901639344,568.26,697.2727272727,674.1056910569,685.0487804878,710.2745098039,769.6237623762]]}