,Model,Window Size,Accuracy
0,Kmeans,25,0.4185185185185185
1,Kmeans,50,0.4074074074074074
2,Kmeans,100,0.35185185185185186
