,Model,Window Size,Accuracy
0,Kmeans,25,0.6666666666666666
1,Kmeans,50,0.6666666666666666
2,Kmeans,100,0.4666666666666667
