{"columns":["aaaa::212:7403:3:303","aaaa::212:7402:2:202","aaaa::212:7404:4:404","aaaa::212:7406:6:606","aaaa::212:7405:5:505","aaaa::212:7407:7:707","aaaa::212:7409:9:909","aaaa::212:7408:8:808","aaaa::212:740a:a:a0a"],"index":[0,1,2,3,4,5,6,7,8,9,10,11,12],"data":[[125.3467105263,272.6707317073,278.8333333333,274.0182926829,366.0769230769,444.3958333333,450.2763157895,536.8823529412,459.1279069767],[57.4489690722,98.1474860335,120.9789473684,135.8513513514,207.6516853933,197.3099415205,182.2404371585,258.0163043478,252.6648351648],[48.888172043,107.4372093023,104.260326087,87.5315789474,130.3961956522,146.2369942197,141.520212766,207.7582417582,174.4301075269],[111.838547486,1.0,1.0,1.0,1.0,1.0,1.0,1.0,1.0],[64.2652173913,1.0,1.0,1.0,1.0,1.0,1.0,1.0,1.0],[84.6702857143,100.9545454545,179.1282051282,126.0232954545,187.277173913,264.0654761905,282.3724137931,296.8411764706,313.141025641],[85.0494565217,153.6111764706,160.334591195,151.0793478261,258.3786982249,212.9166666667,213.593220339,267.7763157895,291.65625],[82.4727848101,150.9256578947,83.9963350785,127.325,155.0114942529,148.8853503185,1.0,262.2484076433,251.5144508671],[72.6436363636,96.9659574468,91.0340425532,131.3252631579,151.4814814815,1.0,1.0,225.0705128205,1.0],[72.5971264368,153.1118644068,109.7436170213,144.3475138122,209.7333333333,260.0786516854,197.902173913,329.4745762712,384.6666666667],[96.4515873016,87.4421052632,123.4497005988,156.8156756757,153.067357513,191.4441558442,170.9130434783,239.272,1.0],[75.5742268041,96.2755319149,157.0368131868,123.9569148936,277.4935064935,200.4973544974,261.95,281.7688172043,301.4903225806],[57.329015544,95.8447916667,126.8108843537,126.1971264368,156.2914285714,175.3333333333,196.5096774194,198.3657142857,536.8]]}