{"columns":["aaaa::212:7403:3:303","aaaa::212:7402:2:202","aaaa::212:7404:4:404","aaaa::212:7406:6:606","aaaa::212:7405:5:505","aaaa::212:7407:7:707","aaaa::212:7409:9:909","aaaa::212:7408:8:808","aaaa::212:740a:a:a0a"],"index":[0,1,2,3,4],"data":[[0.0376344086,0.0,0.0,0.0,0.0,0.0,0.0,0.0,0.0],[0.043715847,0.0459183673,0.037037037,0.0486486486,0.0416666667,0.0175438596,0.0397350993,0.0607734807,0.037037037],[0.0538922156,0.0440251572,0.0353535354,0.0416666667,0.0543478261,0.0710059172,0.0,0.0598802395,0.0388888889],[0.0491803279,0.0534759358,0.0456852792,0.0320855615,0.0526315789,0.0481283422,0.0515463918,0.0380434783,0.0],[0.0251256281,0.0408163265,0.0421052632,0.0505050505,0.0552147239,0.0257731959,0.0425531915,0.0461538462,0.0432098765]]}