{"columns":["aaaa::212:7403:3:303","aaaa::212:7402:2:202","aaaa::212:7404:4:404","aaaa::212:7406:6:606","aaaa::212:7405:5:505","aaaa::212:7407:7:707","aaaa::212:7409:9:909","aaaa::212:7408:8:808","aaaa::212:740a:a:a0a"],"index":[0,1,2,3,4,5,6,7,8,9,10,11,12],"data":[[0.5061728395,0.4913294798,0.4893617021,0.5,0.5056179775,0.4966887417,0.4875,0.4965517241,0.4972375691],[0.5025125628,0.5026737968,0.4974358974,0.4871794872,0.4920634921,0.4917127072,0.4921465969,0.4947916667,0.497382199],[0.4974093264,0.5027322404,0.5025641026,0.4924623116,0.4846938776,0.5027322404,0.4795918367,0.5052631579,0.4642857143],[0.5,0.0,0.0,0.0,0.0,0.0,0.0,0.0,0.0],[0.502617801,0.0,0.0,0.0,0.0,0.0,0.0,0.0,0.0],[0.5027322404,0.5,0.5061728395,0.4918918919,0.4895833333,0.5029239766,0.4900662252,0.4972375691,0.5],[0.5051546392,0.5,0.5,0.4795918367,0.4858757062,0.4913294798,0.4918918919,0.5,0.496969697],[0.497005988,0.5031446541,0.5,0.4947916667,0.472826087,0.4970414201,0.0,0.497005988,0.5],[0.5,0.4923857868,0.5025641026,0.4974619289,0.4898989899,0.0,0.0,0.487654321,0.0],[0.5027322404,0.4973262032,0.4974619289,0.4919786096,0.5052631579,0.4973262032,0.5051546392,0.5,0.6666666667],[0.4961832061,0.5054945055,0.4971428571,0.5,0.475,0.493902439,0.4846938776,0.4962406015,0.0],[0.5025125628,0.4948979592,0.5052631579,0.4797979798,0.5030674847,0.4948453608,0.4840425532,0.4820512821,0.5061728395],[0.49,0.5050505051,0.5,0.4972375691,0.5054945055,0.5,0.490797546,0.4666666667,0.4]]}