{"columns":["aaaa::212:7403:3:303","aaaa::212:7402:2:202","aaaa::212:7404:4:404","aaaa::212:7406:6:606","aaaa::212:7405:5:505","aaaa::212:7407:7:707","aaaa::212:7409:9:909","aaaa::212:7408:8:808","aaaa::212:740a:a:a0a"],"index":[0,1,2,3,4],"data":[[0.5,0.0,0.0,0.0,0.0,0.0,0.0,0.0,0.0],[0.5027322404,0.5,0.5061728395,0.4918918919,0.4895833333,0.5029239766,0.4900662252,0.4972375691,0.5],[0.497005988,0.5031446541,0.5,0.4947916667,0.472826087,0.4970414201,0.0,0.497005988,0.5],[0.5027322404,0.4973262032,0.4974619289,0.4919786096,0.5052631579,0.4973262032,0.5051546392,0.5,0.6666666667],[0.5025125628,0.4948979592,0.5052631579,0.4797979798,0.5030674847,0.4948453608,0.4840425532,0.4820512821,0.5061728395]]}