{"columns":["aaaa::212:7403:3:303","aaaa::212:7402:2:202","aaaa::212:7404:4:404","aaaa::212:7406:6:606","aaaa::212:7405:5:505","aaaa::212:7407:7:707","aaaa::212:7409:9:909","aaaa::212:7408:8:808","aaaa::212:740a:a:a0a"],"index":[0,1,2,3,4],"data":[[111.838547486,1.0,1.0,1.0,1.0,1.0,1.0,1.0,1.0],[84.6702857143,100.9545454545,179.1282051282,126.0232954545,187.277173913,264.0654761905,282.3724137931,296.8411764706,313.141025641],[82.4727848101,150.9256578947,83.9963350785,127.325,155.0114942529,148.8853503185,1.0,262.2484076433,251.5144508671],[72.5971264368,153.1118644068,109.7436170213,144.3475138122,209.7333333333,260.0786516854,197.902173913,329.4745762712,384.6666666667],[75.5742268041,96.2755319149,157.0368131868,123.9569148936,277.4935064935,200.4973544974,261.95,281.7688172043,301.4903225806]]}