{"columns":["aaaa::212:7403:3:303","aaaa::212:7402:2:202","aaaa::212:7404:4:404","aaaa::212:7406:6:606","aaaa::212:7405:5:505","aaaa::212:7407:7:707","aaaa::212:7409:9:909","aaaa::212:7408:8:808","aaaa::212:740a:a:a0a"],"index":[0,1,2,3,4,5,6,7,8,9,10,11,12],"data":[[0.0617283951,0.0520231214,0.0638297872,0.0681818182,0.0505617978,0.0463576159,0.05,0.0620689655,0.0497237569],[0.0251256281,0.0427807487,0.0256410256,0.0512820513,0.0582010582,0.0552486188,0.0418848168,0.0416666667,0.0471204188],[0.0362694301,0.0601092896,0.0564102564,0.0452261307,0.0612244898,0.0546448087,0.0408163265,0.0421052632,0.0510204082],[0.0376344086,0.0,0.0,0.0,0.0,0.0,0.0,0.0,0.0],[0.0366492147,0.0,0.0,0.0,0.0,0.0,0.0,0.0,0.0],[0.043715847,0.0459183673,0.037037037,0.0486486486,0.0416666667,0.0175438596,0.0397350993,0.0607734807,0.037037037],[0.0515463918,0.0659340659,0.0535714286,0.0612244898,0.0451977401,0.0289017341,0.0432432432,0.0379746835,0.0303030303],[0.0538922156,0.0440251572,0.0353535354,0.0416666667,0.0543478261,0.0710059172,0.0,0.0598802395,0.0388888889],[0.0625,0.0456852792,0.0358974359,0.0355329949,0.0454545455,0.0,0.0,0.037037037,0.0],[0.0491803279,0.0534759358,0.0456852792,0.0320855615,0.0526315789,0.0481283422,0.0515463918,0.0380434783,0.0],[0.0381679389,0.0604395604,0.0457142857,0.056122449,0.035,0.0609756098,0.0612244898,0.0601503759,0.0],[0.0251256281,0.0408163265,0.0421052632,0.0505050505,0.0552147239,0.0257731959,0.0425531915,0.0461538462,0.0432098765],[0.035,0.0303030303,0.0696202532,0.0386740331,0.0384615385,0.0412371134,0.0490797546,0.0277777778,0.0]]}