{"columns":["aaaa::212:7402:2:202","aaaa::212:7403:3:303","aaaa::212:7404:4:404","aaaa::212:7405:5:505","aaaa::212:7406:6:606","aaaa::212:7407:7:707","aaaa::212:7408:8:808","aaaa::212:7409:9:909","aaaa::212:740a:a:a0a"],"index":[0,1,2,3,4,5,6,7,8,9,10,11,12,13,14,15,16,17],"data":[[95.8447916667,57.329015544,126.8108843537,156.2914285714,126.1971264368,175.3333333333,198.3657142857,196.5096774194,536.8],[84.18,53.3664772727,91.16875,163.1262135922,108.2745283019,130.4433333333,186.2467532468,136.5571428571,211.75],[118.6096045198,50.9461111111,85.1989473684,214.7259259259,166.6602739726,129.1829931973,260.3492063492,138.7385026738,217.790960452],[93.6414893617,49.0252747253,68.8696335079,137.5408045977,87.7155440415,104.350273224,178.4065934066,149.6946808511,162.8514285714],[85.6221590909,70.2185185185,105.7258426966,141.1115384615,101.6463917526,118.7685082873,249.4195402299,146.0581560284,212.7989417989],[106.1298245614,52.7186335404,92.6261111111,166.5125,115.7258992806,123.2394557823,163.8888888889,182.4375,201.0638297872],[272.6707317073,125.3467105263,278.8333333333,366.0769230769,274.0182926829,444.3958333333,536.8823529412,450.2763157895,459.1279069767],[98.1474860335,57.4489690722,120.9789473684,207.6516853933,135.8513513514,197.3099415205,258.0163043478,182.2404371585,252.6648351648],[107.4372093023,48.888172043,104.260326087,130.3961956522,87.5315789474,146.2369942197,207.7582417582,141.520212766,174.4301075269],[1.0,111.838547486,1.0,1.0,1.0,1.0,1.0,1.0,1.0],[1.0,64.2652173913,1.0,1.0,1.0,1.0,1.0,1.0,1.0],[100.9545454545,84.6702857143,179.1282051282,187.277173913,126.0232954545,264.0654761905,296.8411764706,282.3724137931,313.141025641],[153.6111764706,85.0494565217,160.334591195,258.3786982249,151.0793478261,212.9166666667,267.7763157895,213.593220339,291.65625],[150.9256578947,82.4727848101,83.9963350785,155.0114942529,127.325,148.8853503185,262.2484076433,1.0,251.5144508671],[96.9659574468,72.6436363636,91.0340425532,151.4814814815,131.3252631579,1.0,225.0705128205,1.0,1.0],[153.1118644068,72.5971264368,109.7436170213,209.7333333333,144.3475138122,260.0786516854,329.4745762712,197.902173913,384.6666666667],[87.4421052632,96.4515873016,123.4497005988,153.067357513,156.8156756757,191.4441558442,239.272,170.9130434783,1.0],[96.2755319149,75.5742268041,157.0368131868,277.4935064935,123.9569148936,200.4973544974,281.7688172043,261.95,301.4903225806]]}