{"columns":["aaaa::212:7403:3:303","aaaa::212:7402:2:202","aaaa::212:7404:4:404","aaaa::212:7406:6:606","aaaa::212:7405:5:505","aaaa::212:7407:7:707","aaaa::212:7409:9:909","aaaa::212:7408:8:808","aaaa::212:740a:a:a0a"],"index":[0,1,2,3,4],"data":[[91.1268817204,1.0,1.0,1.0,1.0,1.0,1.0,1.0,1.0],[72.6428571429,90.7193877551,151.8125,119.2553191489,177.1428571429,219.1294117647,277.4805194805,286.6263736264,279.5679012346],[78.2023809524,133.953164557,82.2080808081,121.8659793814,149.6288659794,141.1529411765,1.0,252.9285714286,243.4111111111],[66.5307692308,130.4468085106,101.701010101,135.1578947368,200.5106382979,242.6914893617,188.1458333333,312.7065217391,321.0],[69.0777777778,93.797979798,124.3265957447,119.3398058252,253.6419753086,193.7959183673,242.9175257732,265.7722772277,293.7375]]}