{"columns":["aaaa::212:7403:3:303","aaaa::212:7402:2:202","aaaa::212:7404:4:404","aaaa::212:7406:6:606","aaaa::212:7405:5:505","aaaa::212:7407:7:707","aaaa::212:7409:9:909","aaaa::212:7408:8:808","aaaa::212:740a:a:a0a"],"index":[0,1,2,3,4],"data":[[131.3284946237,1.0,1.0,1.0,1.0,1.0,1.0,1.0,1.0],[96.5699453552,126.8392857143,197.8765432099,149.287027027,209.5520833333,289.1871345029,294.4503311258,319.4364640884,332.4074074074],[90.7706586826,167.2433962264,88.5671717172,137.6239583333,172.5054347826,164.7159763314,1.0,282.5808383234,263.6222222222],[84.0486338798,176.0951871658,127.3289340102,156.2935828877,228.4,288.256684492,219.9793814433,353.3315217391,384.6666666667],[81.8613065327,108.2846938776,180.5142105263,139.4590909091,304.5828220859,210.8969072165,286.1436170213,299.2102564103,319.9074074074]]}