{"columns":["aaaa::212:7402:2:202","aaaa::212:7403:3:303","aaaa::212:7404:4:404","aaaa::212:7405:5:505","aaaa::212:7406:6:606","aaaa::212:7407:7:707","aaaa::212:7408:8:808","aaaa::212:7409:9:909","aaaa::212:740a:a:a0a"],"index":[0,1,2,3,4,5,6,7,8,9,10,11,12,13,14,15,16,17],"data":[[108.0414141414,65.1525,147.817721519,175.1703296703,137.3883977901,190.1804123711,208.7055555556,221.4233128834,536.8],[88.6238095238,58.3121546961,104.8430232558,176.4,120.3311926606,154.8121212121,201.869047619,152.4419642857,230.978021978],[133.9284153005,58.1805263158,100.6656565657,235.006993007,191.7460526316,150.2668789809,271.7076923077,159.7646153846,246.6524064171],[101.3212121212,53.6222222222,75.7580808081,147.5657608696,92.95,118.1338461538,186.1458333333,164.013,175.9193548387],[98.6026315789,80.0246478873,120.6115789474,155.9173684211,108.930964467,128.1373684211,267.6868131868,163.5583892617,226.5641025641],[117.465,60.3545977011,102.3693548387,179.7,130.3844594595,139.1848101266,173.6428571429,201.9415204678,215.5757575758],[302.1213872832,150.1956790123,339.2765957447,392.1235955056,315.6136363636,486.9139072848,598.2206896552,499.11875,497.6464088398],[116.7294117647,69.3974874372,139.2051282051,244.8677248677,150.8897435897,238.3480662983,286.8229166667,209.4136125654,284.8062827225],[124.4327868852,53.9751295337,116.9379487179,149.8821428571,91.4572864322,158.0765027322,217.2684210526,158.4581632653,188.0255102041],[1.0,131.3284946237,1.0,1.0,1.0,1.0,1.0,1.0,1.0],[1.0,73.5434554974,1.0,1.0,1.0,1.0,1.0,1.0,1.0],[126.8392857143,96.5699453552,197.8765432099,209.5520833333,149.287027027,289.1871345029,319.4364640884,294.4503311258,332.4074074074],[180.9554945055,108.0726804124,184.4297619048,306.9265536723,177.9469387755,240.2485549133,302.3860759494,250.8162162162,328.9090909091],[167.2433962264,90.7706586826,88.5671717172,172.5054347826,137.6239583333,164.7159763314,282.5808383234,1.0,263.6222222222],[104.3634517766,82.5011363636,97.7507692308,160.7323232323,138.6182741117,1.0,232.6049382716,1.0,1.0],[176.0951871658,84.0486338798,127.3289340102,228.4,156.2935828877,288.256684492,353.3315217391,219.9793814433,384.6666666667],[100.343956044,104.9610687023,138.5605714286,163.62,175.1066326531,215.4719512195,250.3157894737,190.556122449,1.0],[108.2846938776,81.8613065327,180.5142105263,304.5828220859,139.4590909091,210.8969072165,299.2102564103,286.1436170213,319.9074074074]]}