{"columns":["aaaa::212:7403:3:303","aaaa::212:7402:2:202","aaaa::212:7404:4:404","aaaa::212:7406:6:606","aaaa::212:7405:5:505","aaaa::212:7407:7:707","aaaa::212:7409:9:909","aaaa::212:7408:8:808","aaaa::212:740a:a:a0a"],"index":[0,1,2,3,4,5,6,7,8,9,10,11,12],"data":[[112.80125,250.2954545455,237.8888888889,248.875,352.3295454545,422.75,396.7317073171,497.9726027397,406.3076923077],[49.4232323232,88.1655913978,112.1193877551,126.44,194.21875,191.5434782609,174.4020618557,237.8762886598,227.5208333333],[44.1206185567,89.9252747253,98.2463917526,86.5524752475,121.9108910891,137.4725274725,127.8529411765,197.1489361702,165.9523809524],[91.1268817204,1.0,1.0,1.0,1.0,1.0,1.0,1.0,1.0],[57.1873684211,1.0,1.0,1.0,1.0,1.0,1.0,1.0,1.0],[72.6428571429,90.7193877551,151.8125,119.2553191489,177.1428571429,219.1294117647,277.4805194805,286.6263736264,279.5679012346],[70.2947916667,150.1538461538,134.0726190476,144.2941176471,226.989010989,188.9431818182,181.8829787234,239.7341772152,270.5662650602],[78.2023809524,133.953164557,82.2080808081,121.8659793814,149.6288659794,141.1529411765,1.0,252.9285714286,243.4111111111],[72.3147727273,94.111,88.1649484536,126.6565656566,149.0891089109,1.0,1.0,218.7590361446,1.0],[66.5307692308,130.4468085106,101.701010101,135.1578947368,200.5106382979,242.6914893617,188.1458333333,312.7065217391,321.0],[94.7484848485,85.7311111111,109.7988636364,145.2142857143,148.5047619048,178.6987951807,162.603960396,237.4328358209,1.0],[69.0777777778,93.797979798,124.3265957447,119.3398058252,253.6419753086,193.7959183673,242.9175257732,265.7722772277,293.7375],[54.068627451,88.3581632653,121.5113924051,116.3846153846,144.5555555556,166.6597938144,179.9879518072,192.6666666667,526.6666666667]]}