{"columns":["aaaa::212:7403:3:303","aaaa::212:7402:2:202","aaaa::212:7404:4:404","aaaa::212:7406:6:606","aaaa::212:7405:5:505","aaaa::212:7407:7:707","aaaa::212:7409:9:909","aaaa::212:7408:8:808","aaaa::212:740a:a:a0a"],"index":[0,1,2,3,4,5,6,7,8,9,10,11,12],"data":[[150.1956790123,302.1213872832,339.2765957447,315.6136363636,392.1235955056,486.9139072848,499.11875,598.2206896552,497.6464088398],[69.3974874372,116.7294117647,139.2051282051,150.8897435897,244.8677248677,238.3480662983,209.4136125654,286.8229166667,284.8062827225],[53.9751295337,124.4327868852,116.9379487179,91.4572864322,149.8821428571,158.0765027322,158.4581632653,217.2684210526,188.0255102041],[131.3284946237,1.0,1.0,1.0,1.0,1.0,1.0,1.0,1.0],[73.5434554974,1.0,1.0,1.0,1.0,1.0,1.0,1.0,1.0],[96.5699453552,126.8392857143,197.8765432099,149.287027027,209.5520833333,289.1871345029,294.4503311258,319.4364640884,332.4074074074],[108.0726804124,180.9554945055,184.4297619048,177.9469387755,306.9265536723,240.2485549133,250.8162162162,302.3860759494,328.9090909091],[90.7706586826,167.2433962264,88.5671717172,137.6239583333,172.5054347826,164.7159763314,1.0,282.5808383234,263.6222222222],[82.5011363636,104.3634517766,97.7507692308,138.6182741117,160.7323232323,1.0,1.0,232.6049382716,1.0],[84.0486338798,176.0951871658,127.3289340102,156.2935828877,228.4,288.256684492,219.9793814433,353.3315217391,384.6666666667],[104.9610687023,100.343956044,138.5605714286,175.1066326531,163.62,215.4719512195,190.556122449,250.3157894737,1.0],[81.8613065327,108.2846938776,180.5142105263,139.4590909091,304.5828220859,210.8969072165,286.1436170213,299.2102564103,319.9074074074],[65.1525,108.0414141414,147.817721519,137.3883977901,175.1703296703,190.1804123711,221.4233128834,208.7055555556,536.8]]}