{"columns":["aaaa::212:7402:2:202","aaaa::212:7403:3:303","aaaa::212:7404:4:404","aaaa::212:7405:5:505","aaaa::212:7406:6:606","aaaa::212:7407:7:707","aaaa::212:7408:8:808","aaaa::212:7409:9:909","aaaa::212:740a:a:a0a"],"index":[0,1,2,3,4,5,6,7,8,9,10,11,12,13,14,15,16,17],"data":[[88.3581632653,54.068627451,121.5113924051,144.5555555556,116.3846153846,166.6597938144,192.6666666667,179.9879518072,526.6666666667],[82.4285714286,48.5391304348,81.3666666667,153.1785714286,99.2909090909,112.65625,175.0238095238,128.0350877193,194.9555555556],[105.2538461538,46.1117021277,75.8090909091,207.4929577465,140.7631578947,119.2375,256.0307692308,125.806122449,191.0212765957],[92.793,42.6294736842,67.4857142857,128.6595744681,84.3612244898,101.7295918367,177.5612244898,138.38,151.7173913043],[76.7915789474,65.6253521127,96.2542553191,135.0,97.6323232323,107.9872340426,244.3586956522,139.0512820513,192.83],[95.2016666667,49.0837209302,75.7760869565,155.125,106.0486486486,114.5846153846,161.3157894737,174.8620689655,182.72],[250.2954545455,112.80125,237.8888888889,352.3295454545,248.875,422.75,497.9726027397,396.7317073171,406.3076923077],[88.1655913978,49.4232323232,112.1193877551,194.21875,126.44,191.5434782609,237.8762886598,174.4020618557,227.5208333333],[89.9252747253,44.1206185567,98.2463917526,121.9108910891,86.5524752475,137.4725274725,197.1489361702,127.8529411765,165.9523809524],[1.0,91.1268817204,1.0,1.0,1.0,1.0,1.0,1.0,1.0],[1.0,57.1873684211,1.0,1.0,1.0,1.0,1.0,1.0,1.0],[90.7193877551,72.6428571429,151.8125,177.1428571429,119.2553191489,219.1294117647,286.6263736264,277.4805194805,279.5679012346],[150.1538461538,70.2947916667,134.0726190476,226.989010989,144.2941176471,188.9431818182,239.7341772152,181.8829787234,270.5662650602],[133.953164557,78.2023809524,82.2080808081,149.6288659794,121.8659793814,141.1529411765,252.9285714286,1.0,243.4111111111],[94.111,72.3147727273,88.1649484536,149.0891089109,126.6565656566,1.0,218.7590361446,1.0,1.0],[130.4468085106,66.5307692308,101.701010101,200.5106382979,135.1578947368,242.6914893617,312.7065217391,188.1458333333,321.0],[85.7311111111,94.7484848485,109.7988636364,148.5047619048,145.2142857143,178.6987951807,237.4328358209,162.603960396,1.0],[93.797979798,69.0777777778,124.3265957447,253.6419753086,119.3398058252,193.7959183673,265.7722772277,242.9175257732,293.7375]]}