{"columns":["aaaa::212:7402:2:202","aaaa::212:7403:3:303","aaaa::212:7404:4:404","aaaa::212:7405:5:505","aaaa::212:7406:6:606","aaaa::212:7407:7:707","aaaa::212:7408:8:808","aaaa::212:7409:9:909","aaaa::212:740a:a:a0a","aaaa::212:740b:b:b0b","aaaa::212:740c:c:c0c","aaaa::212:740d:d:d0d","aaaa::212:740e:e:e0e","aaaa::212:740f:f:f0f","aaaa::212:7410:10:1010","aaaa::212:7411:11:1111"],"index":[0,1,2,3,4,5,6,7,8,9,10,11,12],"data":[[206.8395061728,94.3716216216,134.9633802817,280.7746478873,290.4558823529,235.8507462687,201.0816326531,419.8148148148,335.4035087719,259.4406779661,336.6086956522,345.9298245614,434.4029850746,508.4634146341,538.5365853659,510.9538461538],[344.3823529412,200.9866666667,200.9714285714,488.4615384615,533.2191780822,423.7424242424,283.4225352113,583.4074074074,709.2328767123,596.6470588235,588.2909090909,806.7794117647,863.0,616.4,694.4545454545,930.1],[250.45,139.7777777778,146.7066666667,297.575,532.7362637363,274.8088235294,309.6623376623,768.2666666667,694.5679012346,463.8780487805,564.2285714286,734.8285714286,795.4603174603,589.1690140845,762.1063829787,681.6376811594],[257.4756097561,157.4130434783,154.8888888889,367.6835443038,443.3103448276,241.1976744186,333.9350649351,556.1594202899,432.641025641,484.0735294118,538.5774647887,613.3246753247,654.4507042254,523.9887640449,792.8518518519,877.5892857143],[407.9545454545,256.4074074074,273.9473684211,557.5454545455,806.1836734694,513.6296296296,676.5,898.6666666667,884.8461538462,757.2,893.7446808511,907.3571428571,856.3333333333,1207.75,1096.8965517241,1199.9642857143],[149.0652173913,117.3316455696,94.668,222.4230769231,273.7738095238,242.1315789474,237.7037037037,357.0921052632,366.487804878,1.0,431.6,396.4675324675,531.6739130435,1.0,393.2054794521,563.9714285714],[125.2604166667,79.5540816327,99.8651162791,160.1290322581,264.5578947368,168.87,191.5714285714,257.2307692308,246.1979166667,227.7037037037,253.3555555556,1.0,334.9509803922,323.4252873563,392.8513513514,1.0],[432.9350649351,282.2985074627,267.5806451613,511.4909090909,541.4117647059,655.8125,704.0909090909,844.8679245283,945.5862068966,885.3,912.3157894737,1071.5675675676,901.0,1574.2727272727,1013.9038461538,1232.8387096774],[127.90625,72.2043010753,67.0426966292,204.0609756098,201.6470588235,141.5617977528,172.5512820513,247.6153846154,301.8876404494,204.0,297.8823529412,423.75,330.3146067416,293.8913043478,304.9529411765,420.75],[187.4050632911,114.68125,123.5671428571,225.7764705882,327.4492753623,213.2195121951,221.1547619048,325.6285714286,380.686746988,345.0810810811,387.6164383562,416.359375,546.6666666667,442.5,520.4411764706,458.8923076923],[128.1477272727,83.72,82.0340659341,168.075,257.7341772152,158.4105263158,218.0757575758,329.2,318.4761904762,268.1666666667,248.6666666667,405.3902439024,363.7528089888,329.8441558442,366.0119047619,412.6470588235],[185.4102564103,80.865060241,86.5415584416,222.7209302326,210.0,234.5882352941,203.4482758621,326.1272727273,345.2702702703,328.3559322034,281.2297297297,435.1097560976,410.6333333333,403.38,427.875,380.2808988764],[294.5689655172,113.6515625,166.0830508475,285.4827586207,378.1904761905,267.2739726027,327.9166666667,421.5,512.3,473.4590163934,469.98,567.7272727273,570.737704918,517.3606557377,578.4,647.5490196078]]}