{"columns":["aaaa::212:7402:2:202","aaaa::212:7403:3:303","aaaa::212:7404:4:404","aaaa::212:7405:5:505","aaaa::212:7406:6:606","aaaa::212:7407:7:707","aaaa::212:7408:8:808","aaaa::212:7409:9:909","aaaa::212:740a:a:a0a","aaaa::212:740b:b:b0b","aaaa::212:740c:c:c0c","aaaa::212:740d:d:d0d","aaaa::212:740e:e:e0e","aaaa::212:740f:f:f0f","aaaa::212:7410:10:1010","aaaa::212:7411:11:1111"],"index":[0,1,2,3,4,5,6,7,8,9,10,11,12],"data":[[245.6932885906,105.3378571429,161.0597014925,324.7333333333,344.6259541985,299.296,260.7872340426,491.6826923077,385.7181818182,326.3153153153,421.2651515152,416.1962616822,500.2834645669,623.1038961039,593.9102564103,553.3360655738],[379.2538461538,236.8582733813,232.0378787879,535.024,580.9927007299,465.5967741935,361.8455882353,643.0384615385,742.7142857143,694.0378787879,678.3300970874,861.75,953.4105960265,707.5037593985,764.7734375,1044.0964912281],[280.4695652174,150.7610778443,181.2125874126,369.8108108108,550.9764705882,296.4045801527,354.2708333333,799.3247863248,702.7315436242,476.6433121019,603.6323529412,776.5413533835,824.925,644.5955882353,775.9101123596,716.8409090909],[301.7169811321,172.3804597701,179.1641025641,398.2533333333,473.4233128834,260.8765432099,357.7518248175,601.9618320611,461.4900662252,506.5625,553.6842105263,636.7054794521,680.6911764706,553.2395209581,820.3838383838,870.9814814815],[457.768,328.85,346.3671232877,601.1652892562,840.2795698925,571.3942307692,721.8961038961,1023.953125,970.5945945946,841.2596153846,988.5164835165,998.256097561,962.3098591549,1298.4047619048,1121.7090909091,1238.2075471698],[158.7598837209,124.7308724832,111.1780141844,258.4081632653,310.575,271.5714285714,278.6025641026,387.2,398.5962732919,1.0,456.9607843137,431.5138888889,564.9831460674,1.0,422.4637681159,623.8235294118],[134.2497206704,91.1080213904,109.8889570552,177.8275862069,278.3833333333,189.4010695187,212.0838709677,273.966442953,251.5111111111,248.1038961039,279.8779069767,1.0,343.3422459893,338.7261904762,416.958041958,1.0],[473.0804195804,363.8166666667,347.1478632479,578.28,652.5454545455,732.8606557377,851.476744186,943.5510204082,1014.8928571429,876.0476190476,1046.0740740741,1182.2898550725,972.7818181818,1581.3636363636,1134.68,1383.8103448276],[138.7147727273,76.1612359551,73.0377906977,220.3519230769,205.4102564103,145.4621301775,204.9489932886,283.7094594595,314.7272727273,217.7625,318.6614173228,446.1777777778,349.7891566265,309.8342857143,314.6918238994,448.1219512195],[239.7060402685,153.8128,158.6819548872,288.8798780488,373.3178294574,253.7179487179,308.5432098765,415.4122137405,479.0696202532,377.652173913,465.7659574468,465.0983606557,594.1012658228,551.5308641975,553.7272727273,553.7213114754],[144.0941176471,93.4865671642,91.961849711,203.4539473684,284.2266666667,186.5722222222,239.0247933884,359.041322314,360.4478527607,304.5088757396,271.2074074074,425.5128205128,392.0595238095,365.2953020134,389.5569620253,462.935483871],[198.8585034014,89.1283018868,95.1951048951,252.3263803681,228.1520467836,241.7707006369,227.8202453988,367.7669902913,373.4896551724,362.3859649123,305.05,461.082278481,432.1077844311,436.0606060606,453.3007518797,412.2142857143],[356.3131578947,135.8352459016,199.8738738739,319.5781818182,443.225,316.2118518519,371.5043478261,461.4842105263,553.1030927835,513.811965812,501.8510638298,641.5476190476,618.2905982906,579.5775862069,622.6145833333,687.414893617]]}